Repo Name,Description
Study_For_Me_AI,A Python-based AI study assistant that automatically generates answers from textual data for efficient learning.
ML-BASED-CAREER-COUINCLER,A Streamlit-based career counselor that suggests job positions using OpenAI's GPT-3 model and generates report images with the PIL library.
Better_Song_reccomendetar_than_spotify,A Python-based Spotify playlist generator that leverages audio feature analysis to automate personalized playlist creation through Spotipy integration.
My-AI-ML-Neural-net-and-Tensorflow-Study,A Python-based TensorFlow study repository that provides step-by-step Jupyter notebooks for implementing neural networks and machine learning algorithms.
FILL_ME_UP,A Python-based Streamlit application that generates Google Form responses for academic surveys using OpenAI's GPT-3.5-turbo.
AI_to_attend_my_online_classes,A Python-based AI assistant that automates online class attendance using voice recognition and chatbot interactions.
Chatterboii69,A Python-based chatbot framework that processes user input using text recognition through CSV data analysis.
Eeman1113.github.io,Analysis failed.
Generating-Art-using-AI,A Python-based art generation tool that employs generative AI models to create digital artwork from the CC12M dataset.
Lenia_Python_Implementation,A Python-based tutorial notebook that guides users through evolving from discrete to continuous cellular automata via interactive code modifications.
PyFlashlight,A Python-based deep learning framework that implements GPU-accelerated automatic differentiation for educational implementation of tensor operations and neural network training.
LeapHigher,A Python-based auto-clicker that automates solving coding platform challenges using OCR and UI interaction via screenshot capture and database-driven answer submission.
plant-monitoring-system-using-python-and-audrino,A Python and Arduino-based plant monitoring system that tracks temperature and humidity using DHT11 sensors and generates real-time data visualizations through live graph plotting.
dogs-Vs-cats-AI-,A Python-based image classifier that differentiates dog and cat images using neural networks.
Teaching-stuff,A Python-based educational resource that teaches fundamental programming concepts through practical exercises and supplementary course materials.
digits-AI,A Python-based digit recognition tool that identifies handwritten digits using machine learning via Scikit-learn.
MLFS,A Machine Learning guidebook that teaches foundational concepts through step-by-step tutorials and visual examples.
Eeman,A SketchUp-based architectural repository that provides house design models.
Face-tracker-cv3-,A Python-based face tracker that detects faces in real-time using OpenCV 3's Haar cascade algorithm.
telegram-dog-bot,A Python-based Telegram bot that sends random dog images in response to the `/bop` command.
AI-to-send-you-newspapers-from-a-randomly-made-up-world.,A Python-based headline generator that creates fictional news articles from a simulated world using AI-driven algorithms.
rat_bonk,A Python-based game that implements rat-bonking mechanics through keyboard-controlled movement.
HackX,A Python-based cheating tool that automates cheating in online exams.
Ampusee,Analysis failed.
Morse-code,A Python-based Morse code translator that converts text to Morse signals and decodes Morse sequences back to text.
playothello.online,A pure HTML/CSS/JavaScript-based Othello game that enables real-time gameplay against AI opponents across three difficulty levels.
Examinee_AI,A Streamlit-based question-answering application that generates answers using OpenAI's GPT-3 API and displays results with visual formatting.
AI-to-make-wierd-spotify-playlists-,A Python-based Jupyter Notebook that generates weird Spotify playlists using AI-driven algorithms.
QR_BASED_ATTENDANCE,A Python-based QR attendance system that scans QR codes to track employee check-ins.
word-2-word-level-transcription-and-forced-alignment-lip-sync-ultra-pro-max-2d-avatar,A Python-based lip-syncing engine that generates synchronized 2D avatar animations through decibel-based image assignments derived from audio processing.
CHEATCHINGU,A Python-based OCR utility that extracts text from screenshots using computer vision techniques.
AI,A Python-based AI implementation that provides very simple machine learning functionality using basic algorithms.
Automated_Email_System-,A Python-based automated email system that schedules and sends messages via SMTP.
The-AI-Based-Book-Generator,An AI-powered book generator that produces narrative content through machine learning algorithms.
detection-of-COVID-19-WITH-KERAS,Analysis failed.
bill-management,A Python-based bill management tool that prints and saves restaurant invoices in text format.
seo,A Python-based SEO toolkit that generates meta tags and sitemaps for improved search engine visibility.
OCR_for_SBI,A Python-based OCR system for SBI that processes scanned documents using OpenCV and Tesseract for automated data extraction.
Chatbot_in_15_lines_GPT-3,A Python-based chatbot implementation that utilizes OpenAI's API to generate conversational responses via GPT-3's text-davinci-002 model in a concise 15-line Jupyter notebook.
AutoGitter,A Python-based Git automation tool that efficiently manages and interacts with Git repositories.
DivineFinder,A Python-based web application that enables religious search functionality using JSON data storage and HTML interfaces for spiritual inquiry.
mg,"A Rust-based writing checker that detects weasel words, passive voice, duplicate words, and spelling errors."
Commit_Kar_Deta_Hun,A Git-based repository that demonstrates basic commit operations using sequentially numbered text files for illustrative purposes.
Enahncing-Images-using-AI,A Python-based image enhancement toolkit that leverages ESRGAN for accelerated AI-driven super-resolution through optimized implementation.
Time_Bomb,A JavaScript-based web application that simulates virtual file deletion upon timer expiration.
notion-like-ai-editor,A Next.js-based collaborative text editor that integrates Lexical with Liveblocks for real-time editing and Vercel AI SDK for AI-assisted content generation.
Ethindia23_PS,A Python-based data processing utility that analyzes Ethereum transaction data from CSV files using custom parsing logic.
AI-writes-Articles,A Python-based AI article generator that leverages GPU-accelerated language models to produce text from pre-trained vocabulary.
Github_Contributor_AI_Ver,An AI-powered GitHub contributor analysis tool that identifies active contributors using machine learning.
Esoteric_Languages_Adventures,A Brainfuck-based repository that provides esoteric programming examples for language adventures.
anius,A Streamlit-based Python web application that enables anime streaming and search with embedded video players.
Machine-Learning-Study,A Python-based educational repository for applied machine learning coursework featuring weekly Jupyter notebook modules that implement K-Nearest Neighbors classification tasks with fruit datasets as part of a Coursera course.
NGO_Manager,A Node.js-based volunteer management system that streamlines NGO volunteer coordination and event organization using PostgreSQL-backed data models.
Length_Based_Video_Sorter,A Python-based video sorter that sorts media files into duration-based folders using FFmpeg.
nextprompter,A Python-based Next.js file processor that dynamically applies user prompts to generate and preview modified code snippets.
JoJo,A Python-based data analysis tool that processes and visualizes India's job market dataset.
Movie_Plotter_AI,A Python-based movie plot generator that leverages AI models to analyze text data and create narrative structures.
housefly,A Python-based house layout generator that creates ASCII art representations of rooms with random doors and windows.
Scrape_Me_Zaddy,A Python-based web scraping tool that extracts text content from specified HTML elements and saves results to text files via Streamlit.
readball,A web-based retro-themed application that simulates football matches using real-time text-based commentary.
Python_To_English,A Python-based translator that converts Python code into natural English.
Medium-Articles-,A static HTML blog platform that hosts machine learning tutorials and AI project showcases through HTML-based articles.
CNWGOL,A web-based implementation of Conway's Game of Life that simulates cellular automaton evolution through interactive HTML canvas rendering.
Chandler-Bing-Deep-Learning-AI,A Python-based deep learning chatbot that implements conversational AI using Jupyter Notebook implementations.
AI-that-chats-with-my-friends-,A Rust-based chatbot that facilitates natural language conversations with friends using artificial intelligence.
Noter,A Python-based note-making application that generates comprehensive study materials using Streamlit and Groq API integration.
Humaneyes,A Python-based eye detection library that utilizes traditional computer vision techniques without AI algorithms.
What-Should-I-make-Today,A Python-based meal recommendation tool that generates daily cooking suggestions using an Indian food dataset.
Chetan-Bhagat-AI,A Python-based AI generator that creates Chetan Bhagat-style prose using natural language processing.
Story,Analysis failed.
rust_grammar,"A Rust-based grammar analysis library and REST API server that processes text for syntax errors, passive voice detection, and readability metrics through CLI and API endpoints."
Artificial_Life,A Python-based Conway's Game of Life simulation that models cellular automaton evolution using Pygame graphics.
NNFS,A Python-based neural network framework that executes sequential module operations through numbered script files.
huddler,A Python-based AI system for collaborative huddle meetings that utilizes RAG fusion to enhance real-time interaction and information retrieval.
AI-to-rate-my-AI-projects-,A Python-based AI project rating tool that evaluates model quality using structured criteria through Jupyter Notebook implementations.
A2A_Experiments,A Python-based agent communication framework that enables two AI agents to interact through structured JSON configuration files.
Coding_Train,A JavaScript-based coding project that collects interactive programming exercises inspired by the Coding Train.
mkme,"The repository name mkme and the content of the `README.md` file indicate that the tool's primary purpose is to **suggest what to make**, which implies it is a utility designed to provide suggestions for project creation or ideation.   Based on the provided information:  - The file `README.md` explicitly states: *mkme suggests what to make*. - There is no indication of specific technologies like Rust or n-gram analysis (as seen in the example), so the description should focus on the tool's functionality as described. - The phrase suggests what to make directly reflects the core purpose of the tool.  ---  ### Final Answer: $$ \boxed{A\ command-line\ tool\ that\ suggests\ what\ to\ make} $$"
Pyamagotchi,A Python-based virtual pet game that simulates Tamagotchi care using turtle graphics and pygame sound effects.
AI_to_generate_sentences_from_words,A Python-based AI-powered sentence generator that transforms keyword inputs into coherent natural language text.
GODOT_Adventures,"A Godot-based game asset repository that provides customizable character models, scene scripts, and project configurations for interactive game development."
AI_Girlfriend,A Machine Learning-based companion bot that simulates realistic human interactions using natural language processing.
Gerne,Analysis failed.
random-,A Rust-based random number generator that produces cryptographically secure random values for cryptographic and simulation applications.
Kagaz,A Groq-integrated LLM-based newspaper generator that creates plot-driven articles with AI-generated characters and locations.
type,A JavaScript-based type system that validates data structures using ASCII character representations.
Earth,A minimal static HTML website that serves Earth-themed content via index.html.
Wensday,A personal AI project that demonstrates fundamental intelligence capabilities.
Valid_Kun,A Python-based AI motivational companion that generates personalized motivational messages using OpenAI's language models.
Homeworker,Analysis failed.
Highlight,"{name: highlight, description: A Next.js-based code diff visualizer that dynamically highlights text differences using Quill.js, technologies: [Next.js, Quill.js, React]}"
Commitment_iShoes,A repository containing multiple README files for project documentation purposes.
ant_man,A Python-based ant behavior simulation that models pheromone trail navigation and food-seeking dynamics using pygame.
Magic,A Python-based utility that executes magical operations through scripted command execution.
Fun_With_Pandas,A Python Jupyter Notebook that generates synthetic datasets using pandas for educational demonstration.
Hand_Ditto,A TensorFlow-based handwriting synthesis tool that generates customizable SVG images from text using LSTM attention models.
flow_me_raho_bro,A Next.js-based web application that analyzes data flows using sentiment analysis and interactive charting libraries.
large-scale-energy-anomaly-detection,A Python-based energy anomaly detection system that analyzes large-scale time-series data using Jupyter notebooks for irregularity identification.
sunnAI,A Python-based music generation web application that leverages MusicGen models to create endless song content via interactive Jupyter notebooks and command-line interfaces.
sootplane,A static HTML website that presents a mind-related concept through minimalist design.
Work_for_manuscripts.ai,A Python-based manuscript processing tool that automatically summarizes and paraphrases academic texts using Jupyter Notebook workflows.
SalvagedWeb,A simple HTML-based web project that provides basic website pages and documentation via static HTML and Markdown files.
agent_test,A TypeScript-based full-stack application that tests generative AI agents within a game environment using React and Node.js.
Some_Gen_Stuff,A Python-based inference framework that implements DALL·E and Stable Diffusion pipelines for experimental image generation model testing.
Portfolio,A MIT-licensed portfolio repository that provides software licensing terms.
DEW,A TensorFlow-based chatbot that leverages LSTM layers for intent recognition and natural language dialogue through sequence modeling.
AutoCars,A JavaScript-based autonomous traffic simulation engine that models urban traffic patterns using swarm intelligence to minimize collision rates and optimize route planning for AI-driven vehicles.
veditor,"A Python-based intelligent video editing pipeline that automates content curation through multi-stage processing using voice activity detection, speech recognition, and large language model-driven semantic deduplication."
seascolor,A Streamlit-based color analysis tool that classifies skin undertones and seasonal types through K-means clustering on image pixels using HSV color space analysis.
nativesee,A Next.js-based PDF reader that enables hand gesture navigation using TensorFlow.js hand pose models for page selection.
Black-and-white-to-colour-photos,A Python-based image converter that transforms black-and-white photographs into color using neural networks.
PrompterToolkit,A Python Streamlit application that processes Next.js project files to generate prompt-enhanced output files from user-selected JavaScript code.
Dinorant,Analysis failed.
React-Text-Editor-Using-Quill.js,A React-based text editor that utilizes Quill.js for rich text editing functionality.
The-Yolo-Bootcamp,A Jupyter Notebook implementation of YOLOv7 that executes GPU-accelerated object detection using PyTorch and pre-trained weights.
Procedural_Generation_Python,"A Python-based procedural generation toolkit that creates 3D terrain, cave systems, and islands using Perlin noise and BFS algorithms."
morphic-ai-answer-engine-generative-ui,A Next.js-based AI-powered search engine that integrates multiple generative AI providers with customizable UI capabilities using Vercel AI SDK RSC and Radix UI components.
Resuwrite,A Python-based AI novel generation system that transforms resume data into structured creative stories using specialized LLM chains and Groq-powered language models.
yapnotes,Analysis failed.
Moon_Phase,A Streamlit-based birthday moon phase calculator that computes lunar phase names and illumination percentages for user-selected dates.
UniversalComponents,"A JavaScript-based health tracking application that integrates modular components for diet, food database, and symptom monitoring."
PythonRSB,"A Python-based AI writing assistant that analyzes text for redundancy, filler words, and readability using NLTK and Groq API integration."
Pharma-Mart,"A Next.js application that leverages Radix UI components and Tailwind CSS for responsive, accessible user interfaces."
Stable_Diffusion_App,Streamlit-based Stable Diffusion application that generates images from user prompts using the Hugging Face diffusers library.
Grammar_Engine,A Haskell-based grammar engine executable that processes natural language syntax using JSON data structures and HTTP APIs for grammar analysis.
Generating-Animation-By-An-AI,A Python-based animation generator that leverages VQGAN and CLIP for synthesizing AI-driven video content from textual prompts.
eeja,A responsive HTML/CSS/JavaScript portfolio site that dynamically displays a grid of looping video clips with interactive fullscreen toggling.
WebGraphics,A lightweight HTML/SVG-based web graphics toolkit that provides interactive graphical representations through browser-rendered HTML and SVG files.
infiwrite,Analysis failed.
konflict,A JavaScript-based news digest application that aggregates and filters RSS feeds to curate India-Pakistan conflict-focused articles using keyword-based relevance checks.
Pokemon_Adventures,A Tailwind-based web application that dynamically displays Pokémon data in a responsive grid with a search interface.
TypeFaster,A Python-based typing automation tool that uses Selenium and PyAutoGUI to simulate keyboard input on Human Benchmark tests for speed measurement.
Invest,A web-based investment education game that visualizes financial trends using Chart.js and glassmorphism UI elements within a responsive HTML5 framework.
Talkative_Docs,"The output of the provided Python code is **6**.  **Explanation:**   The function `my_func(a, b)` returns the product of `a` and `b`. When called with `my_func(2, 3)`, it calculates `2 * 3 = 6`, and `print()` outputs this result.    **Code Execution:**   ```python def my_func(a, b):     return a * b  print(my_func(2, 3))  # Output: 6 ```"
anyoouhl,A Streamlit-based Retrieval-Augmented Generation application that integrates Tavily web search with document processing to generate comprehensive AI responses with color-coded sections and follow-up suggestions.
janku_humaneyes,A Next.js-based web application with shadcn/ui components that integrates Python API endpoints to humanize text for natural language processing.
AI_Detector,A Python-based AI detector that identifies AI-generated content using BERT model analysis.
LeapCode,"A Chrome extension that extracts LeetCode problem code from walkccc.me into a CSV database using pandas, with Discord integration via discord.py."
Leetcode,A C++ solutions repository that provides implementations for Leetcode programming challenges.
Mario-RL-AI,A Python-based reinforcement learning agent that navigates Super Mario levels using Q-learning.
Bookish,A Streamlit-based book chapter generator that leverages OpenAI's text-davinci-003 model to produce 2000-word chapters from user-provided book details.
Anime-Synopsis-Generator-With-Deep-Learning,A GPT-2-based Anime Synopsis Generator that produces grammatically structured AI-generated anime synopses using deep learning techniques.
Wirerio,An AI-powered JavaScript-based web application that converts hand-drawn UI sketches into functional HTML/CSS/JS code using Google's Gemini model through conversational refinement and image analysis.
Sume_Kun,A minimal GitHub repository named Sume_Kun that includes a README and license file.
Commitment_iShoes_2,\boxed{A versioned documentation system for tracking commitments in shoe inventory management.}
Eeman1113,A Streamlit-based portfolio website that showcases AI projects including YOLOv7 dog detection and ML-based career counseling.
High_Life,Analysis failed.
AsciiCam,A Streamlit-based webcam-to-ASCII converter that dynamically transforms live camera input into monochrome ASCII art using OpenCV.
Sell_Me_A_Thing_AI,An AI-driven sales pitch generator that creates persuasive product descriptions for e-commerce platforms.
eemanGPT,A Streamlit-based chat interface that integrates the Groq API to provide a conversational AI experience using the llama3-8b model.
Neyus,A Python-based Streamlit application that scrapes news headlines from inshorts.com using BeautifulSoup and displays them via a user interface.
The_Thing_Maker,A Python-based tool that generates customizable objects.
black-and-white-videos-to-colour-,A Python-based video colorization tool that converts black-and-white videos to color using Jupyter notebook-based implementation.
Dawg,A Streamlit-based object detection application that processes images using Hugging Face Spaces configurations.
Pathfinder,A Streamlit-based file path finder that dynamically locates specific files within GitHub repositories and generates direct access links for user navigation.
I_Make_Notes,CLI-based note-taking tool that processes user input into structured notes.
fintech,A Llama-based conversational AI model that generates fintech-specific text through prompt-based processing.
calc,A web-based unit economics calculator that dynamically computes business metrics using client-side JavaScript with responsive input forms.
lucida,A minimalist HTML-based static website template that serves as a foundation for web development projects.
sad,A Python-based meditative text generator that uses Ollama to produce character-by-character language outputs through adaptive looping to prevent repetitive content.
Susu,"A Tailwind-based Sudoku puzzle generator that enables interactive puzzle creation, solution checking, and solving across three difficulty levels sukodu."
yjs_lexi,A JavaScript-based lexer that tokenizes collaborative text using Yjs for real-time synchronization.
blahblah,A minimal project repository that includes a README file titled blahblah.
JS_Interview,JS Interview questions database.
how_we_act,A Python-based town simulation that leverages Ollama for LLM-driven cognitive interactions within a dynamic urban environment using Pygame for real-time rendering.
UC,A Vite-based TypeScript React application leveraging Shadcn/ui components to deliver a dashboard-oriented journaling platform to monitor Uucerative Colitis flow symptoms.
day-scribe-essence,A React/TypeScript diary application that integrates Supabase authentication and supports multimedia entries using Shadcn/ui components.
sci,A CrewAI and LangGraph-integrated multi-agent research platform that automatically synthesizes comprehensive academic reports through recursive web exploration and collaborative agent workflows.
dev-ee,A Streamlit-based Python code editor that executes user-submitted code and displays runtime output via a console interface.
Agentic_Description,Analysis failed.
evolve,An evolution-based discovery model inspired by Alphaevolve that utilizes adaptive genetic algorithms for optimized exploration.
Heartbeat,A Python-based image processing utility that converts and optimizes photo gallery assets to WebP format for efficient web delivery.
gram,"A Rust-based grammar checker that detects weasel words, passive voice, and duplicate words using regex to improve academic writing quality."
TATPILTM,A static HTML-based web application that renders a basic homepage through its index.html file.
500_React_Interview_Questions,A Streamlit-based React interview study web application that provides interactive flashcards and category filtering for 500 questions.
Rhythm,"A Next.js-based web application that utilizes Radix UI components and Tailwind CSS to create accessible, responsive user interfaces."
The_Window,A static HTML-based window manager that dynamically adjusts application layouts using CSS.
Prologue_Please,A static HTML-based book store that displays inventory data from a CSV file using embedded image assets for visual presentation.
_rvsp_,A JavaScript-based speed reading application that leverages Rapid Serial Visual Presentation (RSVP) technology to enhance reading efficiency through one-word-at-a-time presentation and optimized comprehension.
Lump,A JavaScript-based writing tool that integrates Quill.js with AI-powered text suggestions for digital content creation.
test,A static website that serves multiple HTML pages for testing purposes.
Planin,A Node.js-based API proxy server that routes Notion API requests via a dynamically generated authentication key.
infinite,"A web-based discovery tool featuring network graph visualization with Vis.js and Tailwind CSS, incorporating a sidebar, search functionality, and dark mode for interactive data exploration."
Interviewer,A Python-based audio segmentation tool that extracts individual questions from an MP3 audio file using timestamp-based JSON data.
EWITW,A Python-based combinatorial generator that creates infinite CSV libraries containing all possible character sequences.
AutoDiscovery,A Python-based multi-agent autonomous research platform that transforms user queries into structured documentation using Google Gemini API and parallel agent collaboration.
likho,"A Next.js-based handwriting generator that converts text into realistic, customizable SVG outputs using an in-browser recurrent neural network with adjustable parameters."
AgeSci,AgeSci is an autonomous multi-agent system leveraging LLMs via Ollama to generate IEEE-format academic papers with integrated citations and LaTeX compilation.
Articles,An AI-focused repository that hosts Medium-published articles detailing various implementation projects and tutorials on artificial intelligence.
Sira,A Python-based conversational AI agent that leverages FAISS and sentence embeddings for persistent memory management and generates context-aware responses using Google's Gemini API.
Orbit,A static HTML-based website that challenges users to win through orbital mechanics.
Idaten_Jump,A static HTML-based encyclopedia that compiles fan-generated media assets and content for the Idaten Jump series.
spellcheck,A Rust-based spell checker that implements Peter Norvig's statistical algorithm for spell correction using n-grams.
is_shree_alive,A static HTML website that serves a minimal page with an embedded image asset.
maze,A HTML-based maze game that dynamically renders interactive pathways for browser navigation.
Hivemind,A Python-based multi-agent AI research system that collaborates through specialized agents to autonomously generate LaTeX-formatted research papers with TikZ diagrams and web search integration.
harp,"A Rust-based grammar checker that delivers instant, private syntax verification through WebAssembly-optimized processing."
500_NodeJs_Interview_Questions,A Streamlit-based Python application that dynamically explores 500 Node.js interview questions through category filtering and search functionality.
Universal_Paperclips_Auto,A Python-based Selenium automation bot that automates Paperclip trading interactions in a browser-based game.
BookVaccum,A Python-based book downloader that systematically retrieves Project Gutenberg eBooks in bulk using requests and tqdm progress tracking.
Last_Tea_Shop_Web,A Tailwind CSS-based static website that provides interactive dice rollers and downloadable character sheets for tabletop RPG sessions.
blush,A Streamlit-based skin tone analyzer that recommends personalized blush colors based on facial analysis using OpenCV and clustering algorithms.
tetrisAI,A JavaScript-based Tetris game that uses AI to dynamically optimize piece placement strategies for enhanced gameplay.
humanize-ai,A React-based text humanization platform that generates natural-sounding sentence alternatives with Supabase authentication and Stripe payment integration.
ConvergenceEngine,Analysis failed.
Isabella,A Python-based AI interviewer that conducts interactive interviews for job candidates using natural language processing.
Around_Us,A Cesium-powered web-based flight simulator that enables real-time 3D globe navigation with photorealistic terrain and building models for immersive flight exploration.
